scenario_id,capability_id,ale_without,scenario_description,tcomm,domain_id,ale_inherent,ale_residual,marginal_savings,reduction_pct,capability
RS-001,CAP-01,229575.89459527325,prueba,afr0,ISMP,229575.89459527325,0,229575.89459527325,1,A senior-level committee provides dedicated oversight for privacy and information security activities.
RS-01,CAP-01,1608006.0467037,Inadequate human resources are available to execute the informaton security strategic security plan.,Technology Leadership,ORG,2452088.1323626116,684220.9094111489,923785.1372925511,0.5744910842756134,A senior-level committee provides dedicated oversight for privacy and information security activities.
RS-01,CAP-05,1151740.951228527,Inadequate human resources are available to execute the informaton security strategic security plan.,Technology Leadership,ORG,2452088.1323626116,684220.9094111489,467520.041817378,0.4059246493915916,Information security activities between departments are coordinated.
RS-01,CAP-07,13270.412769545137,Inadequate human resources are available to execute the informaton security strategic security plan.,Technology Leadership,ORG,2452088.1323626116,684220.9094111489,-670950.4966416038,-50.55988146664119,Senior management's strategy and direction for the information security program is established and commitment is demonstrated.
RS-01,CAP-32,1175967.5347441114,Inadequate human resources are available to execute the informaton security strategic security plan.,Technology Leadership,ORG,2452088.1323626116,684220.9094111489,491746.6253329625,0.4181634363230663,"An active intelligence gathering program is defined, implemented, and maintained."
RS-01,CAP-14,1167441.3508413658,Inadequate human resources are available to execute the informaton security strategic security plan.,Technology Leadership,ORG,2452088.1323626116,684220.9094111489,483220.4414302169,0.41391410462029954,"Self-assessment of the information security program operations, activities, and strategic plan effectiveness is completed and reported on a periodic basis."
RS-01,CAP-15,285519.6430120996,Inadequate human resources are available to execute the informaton security strategic security plan.,Technology Leadership,ORG,2452088.1323626116,684220.9094111489,-398701.26639904926,-1.3964057330449706,Verification of reasonable and appropriate information security controls are completed on a periodic basis.
RS-01,CAP-16,285519.6430120996,Inadequate human resources are available to execute the informaton security strategic security plan.,Technology Leadership,ORG,2452088.1323626116,684220.9094111489,-398701.26639904926,-1.3964057330449706,Verification of reasonable and appropriate information security controls from third parties that have access to confidential information is completed on a periodic basis.
RS-02,CAP-01,1608006.0467037,Budget does not adequately support the information security strategic plan.,Technology Leadership,ORG,2452088.1323626116,684220.9094111489,923785.1372925511,0.5744910842756134,A senior-level committee provides dedicated oversight for privacy and information security activities.
RS-02,CAP-05,1151740.951228527,Budget does not adequately support the information security strategic plan.,Technology Leadership,ORG,2452088.1323626116,684220.9094111489,467520.041817378,0.4059246493915916,Information security activities between departments are coordinated.
RS-02,CAP-07,13270.412769545137,Budget does not adequately support the information security strategic plan.,Technology Leadership,ORG,2452088.1323626116,684220.9094111489,-670950.4966416038,-50.55988146664119,Senior management's strategy and direction for the information security program is established and commitment is demonstrated.
RS-02,CAP-32,1175967.5347441114,Budget does not adequately support the information security strategic plan.,Technology Leadership,ORG,2452088.1323626116,684220.9094111489,491746.6253329625,0.4181634363230663,"An active intelligence gathering program is defined, implemented, and maintained."
RS-02,CAP-14,1167441.3508413658,Budget does not adequately support the information security strategic plan.,Technology Leadership,ORG,2452088.1323626116,684220.9094111489,483220.4414302169,0.41391410462029954,"Self-assessment of the information security program operations, activities, and strategic plan effectiveness is completed and reported on a periodic basis."
RS-02,CAP-15,285519.6430120996,Budget does not adequately support the information security strategic plan.,Technology Leadership,ORG,2452088.1323626116,684220.9094111489,-398701.26639904926,-1.3964057330449706,Verification of reasonable and appropriate information security controls are completed on a periodic basis.
RS-02,CAP-16,285519.6430120996,Budget does not adequately support the information security strategic plan.,Technology Leadership,ORG,2452088.1323626116,684220.9094111489,-398701.26639904926,-1.3964057330449706,Verification of reasonable and appropriate information security controls from third parties that have access to confidential information is completed on a periodic basis.
RS-03,CAP-01,356057.82626849634,Competing priorities within the institution results in inability to execute the information security strategic security plan.,Technology Leadership,ORG,650330.3401590552,141308.58820084122,214749.23806765513,0.6031302283627291,A senior-level committee provides dedicated oversight for privacy and information security activities.
RS-03,CAP-05,268878.01032577705,Competing priorities within the institution results in inability to execute the information security strategic security plan.,Technology Leadership,ORG,650330.3401590552,141308.58820084122,127569.42212493584,0.474450930257817,Information security activities between departments are coordinated.
RS-03,CAP-07,0,Competing priorities within the institution results in inability to execute the information security strategic security plan.,Technology Leadership,ORG,650330.3401590552,141308.58820084122,-141308.58820084122,0,Senior management's strategy and direction for the information security program is established and commitment is demonstrated.
RS-03,CAP-32,279064.8628521616,Competing priorities within the institution results in inability to execute the information security strategic security plan.,Technology Leadership,ORG,650330.3401590552,141308.58820084122,137756.27465132036,0.4936353263660378,"An active intelligence gathering program is defined, implemented, and maintained."
RS-03,CAP-14,280635.1878055445,Competing priorities within the institution results in inability to execute the information security strategic security plan.,Technology Leadership,ORG,650330.3401590552,141308.58820084122,139326.5996047033,0.4964687453992561,"Self-assessment of the information security program operations, activities, and strategic plan effectiveness is completed and reported on a periodic basis."
RS-03,CAP-15,6781.828116741285,Competing priorities within the institution results in inability to execute the information security strategic security plan.,Technology Leadership,ORG,650330.3401590552,141308.58820084122,-134526.76008409992,-19.83635647621529,Verification of reasonable and appropriate information security controls are completed on a periodic basis.
RS-03,CAP-16,6781.828116741285,Competing priorities within the institution results in inability to execute the information security strategic security plan.,Technology Leadership,ORG,650330.3401590552,141308.58820084122,-134526.76008409992,-19.83635647621529,Verification of reasonable and appropriate information security controls from third parties that have access to confidential information is completed on a periodic basis.
RS-04,CAP-01,438877.37247191754,Increased negligence by workforce members due to lack of appropriate delegated authority and security support.,Technology Leadership,ORG,650330.3401590552,222959.48875449045,215917.8837174271,0.49197770780776134,A senior-level committee provides dedicated oversight for privacy and information security activities.
RS-04,CAP-03,141308.58820084122,Increased negligence by workforce members due to lack of appropriate delegated authority and security support.,Technology Leadership,ORG,650330.3401590552,222959.48875449045,-81650.90055364923,-0.5778198026973365,Delegated authority is established for incident response.
RS-04,CAP-05,357209.5709435528,Increased negligence by workforce members due to lack of appropriate delegated authority and security support.,Technology Leadership,ORG,650330.3401590552,222959.48875449045,134250.08218906238,0.375830025590991,Information security activities between departments are coordinated.
RS-04,CAP-07,43408.5733022271,Increased negligence by workforce members due to lack of appropriate delegated authority and security support.,Technology Leadership,ORG,650330.3401590552,222959.48875449045,-179550.91545226335,-4.136300776396431,Senior management's strategy and direction for the information security program is established and commitment is demonstrated.
RS-04,CAP-32,375927.0669422626,Increased negligence by workforce members due to lack of appropriate delegated authority and security support.,Technology Leadership,ORG,650330.3401590552,222959.48875449045,152967.57818777213,0.4069075936244461,"An active intelligence gathering program is defined, implemented, and maintained."
RS-04,CAP-14,338227.24202840216,Increased negligence by workforce members due to lack of appropriate delegated authority and security support.,Technology Leadership,ORG,650330.3401590552,222959.48875449045,115267.75327391172,0.34079973151373855,"Self-assessment of the information security program operations, activities, and strategic plan effectiveness is completed and reported on a periodic basis."
RS-04,CAP-15,152685.54853455507,Increased negligence by workforce members due to lack of appropriate delegated authority and security support.,Technology Leadership,ORG,650330.3401590552,222959.48875449045,-70273.94021993538,-0.46025272787379296,Verification of reasonable and appropriate information security controls are completed on a periodic basis.
RS-04,CAP-16,152685.54853455507,Increased negligence by workforce members due to lack of appropriate delegated authority and security support.,Technology Leadership,ORG,650330.3401590552,222959.48875449045,-70273.94021993538,-0.46025272787379296,Verification of reasonable and appropriate information security controls from third parties that have access to confidential information is completed on a periodic basis.
RS-05,CAP-01,21297.653020277678,"The information security function implements a strategy that has unanticipated consequences on the insitution, interfering with other stated business objectives.",Technology Leadership,ORG,21545.801837136783,14730.977065707348,6566.67595457033,0.30832861951118,A senior-level committee provides dedicated oversight for privacy and information security activities.
RS-05,CAP-07,2526.3960437195637,"The information security function implements a strategy that has unanticipated consequences on the insitution, interfering with other stated business objectives.",Technology Leadership,ORG,21545.801837136783,14730.977065707348,-12204.581021987784,-4.830826525527335,Senior management's strategy and direction for the information security program is established and commitment is demonstrated.
RS-05,CAP-14,19846.64628802848,"The information security function implements a strategy that has unanticipated consequences on the insitution, interfering with other stated business objectives.",Technology Leadership,ORG,21545.801837136783,14730.977065707348,5115.669222321134,0.25775988285773554,"Self-assessment of the information security program operations, activities, and strategic plan effectiveness is completed and reported on a periodic basis."
RS-05,CAP-15,10052.169356468952,"The information security function implements a strategy that has unanticipated consequences on the insitution, interfering with other stated business objectives.",Technology Leadership,ORG,21545.801837136783,14730.977065707348,-4678.807709238396,-0.46545253500204964,Verification of reasonable and appropriate information security controls are completed on a periodic basis.
RS-05,CAP-16,10052.169356468952,"The information security function implements a strategy that has unanticipated consequences on the insitution, interfering with other stated business objectives.",Technology Leadership,ORG,21545.801837136783,14730.977065707348,-4678.807709238396,-0.46545253500204964,Verification of reasonable and appropriate information security controls from third parties that have access to confidential information is completed on a periodic basis.
RS-06,CAP-09,0,Inconsistent interpretation or insecure actions by workforce.,Organizational Internal Users,POL,91486.5821800946,0,0,0,A designated group is set up to act as ombudsman for disputes and complaints regarding enterprise wide information security policies and standards.
RS-06,CAP-10,0,Inconsistent interpretation or insecure actions by workforce.,Organizational Internal Users,POL,91486.5821800946,0,0,0,External authorities and industry trends are monitored for potential policy implications.
RS-06,CAP-11,0,Inconsistent interpretation or insecure actions by workforce.,Organizational Internal Users,POL,91486.5821800946,0,0,0,"Policy compliance issues are documented, acknowledged, and periodically reviewed."
RS-06,CAP-12,0,Inconsistent interpretation or insecure actions by workforce.,Organizational Internal Users,POL,91486.5821800946,0,0,0,"The information security policies are defined, implemented, maintained, and support the business requirements and relevant regulations and laws."
RS-07,CAP-09,0,Misuse of information assets.,Organizational Internal Users,POL,21351.05446181175,0,0,0,A designated group is set up to act as ombudsman for disputes and complaints regarding enterprise wide information security policies and standards.
RS-07,CAP-10,0,Misuse of information assets.,Organizational Internal Users,POL,21351.05446181175,0,0,0,External authorities and industry trends are monitored for potential policy implications.
RS-07,CAP-11,0,Misuse of information assets.,Organizational Internal Users,POL,21351.05446181175,0,0,0,"Policy compliance issues are documented, acknowledged, and periodically reviewed."
RS-07,CAP-12,0,Misuse of information assets.,Organizational Internal Users,POL,21351.05446181175,0,0,0,"The information security policies are defined, implemented, maintained, and support the business requirements and relevant regulations and laws."
RS-08,CAP-09,0,"Noncompliance with laws, regulations, and contractual agreements.",Organizational Internal Users,POL,0,0,0,0,A designated group is set up to act as ombudsman for disputes and complaints regarding enterprise wide information security policies and standards.
RS-08,CAP-10,0,"Noncompliance with laws, regulations, and contractual agreements.",Organizational Internal Users,POL,0,0,0,0,External authorities and industry trends are monitored for potential policy implications.
RS-08,CAP-11,0,"Noncompliance with laws, regulations, and contractual agreements.",Organizational Internal Users,POL,0,0,0,0,"Policy compliance issues are documented, acknowledged, and periodically reviewed."
RS-08,CAP-12,0,"Noncompliance with laws, regulations, and contractual agreements.",Organizational Internal Users,POL,0,0,0,0,"The information security policies are defined, implemented, maintained, and support the business requirements and relevant regulations and laws."
RS-09,CAP-08,0,New or changing privacy regulations are not implemented in organizational IT systems.,Regulators or Auditors,COMP,38683260.43717709,0,0,0,"The information security program supports the privacy and information security compliance efforts, and business requirements."
RS-09,CAP-13,0,New or changing privacy regulations are not implemented in organizational IT systems.,Regulators or Auditors,COMP,38683260.43717709,0,0,0,Security compliance for all critical systems and networks is reviewed on a periodic basis.
RS-10,CAP-08,0,"Internal workforce members execute financial fraud, embezzlement, or information theft made possible through lack of internal controls.",Organizational Internal Users,COMP,2452088.1323626116,161008.5214523503,-161008.5214523503,0,"The information security program supports the privacy and information security compliance efforts, and business requirements."
RS-10,CAP-13,2582827.3041184433,"Internal workforce members execute financial fraud, embezzlement, or information theft made possible through lack of internal controls.",Organizational Internal Users,COMP,2452088.1323626116,161008.5214523503,2421818.7826660927,0.9376619098010871,Security compliance for all critical systems and networks is reviewed on a periodic basis.
RS-11,CAP-08,464690.09063025133,External attackers locate previously unknown weaknesses in the information security program not revealed through internal controls.,External Cyber Adversaries,COMP,2652123.1915395856,2487193.7905742424,-2022503.699943991,-4.3523710548699315,"The information security program supports the privacy and information security compliance efforts, and business requirements."
RS-11,CAP-13,2552216.5246862164,External attackers locate previously unknown weaknesses in the information security program not revealed through internal controls.,External Cyber Adversaries,COMP,2652123.1915395856,2487193.7905742424,65022.734111974016,0.02547696619116917,Security compliance for all critical systems and networks is reviewed on a periodic basis.
RS-12,CAP-08,0,External auditors find compliance issues with regulations and standards not identified via internal processes.,External Cyber Adversaries,COMP,0,0,0,0,"The information security program supports the privacy and information security compliance efforts, and business requirements."
RS-12,CAP-13,0,External auditors find compliance issues with regulations and standards not identified via internal processes.,External Cyber Adversaries,COMP,0,0,0,0,Security compliance for all critical systems and networks is reviewed on a periodic basis.
RS-13,CAP-17,0,Inability to accurately forecast the consequences of adopted technologies or innovations.,Technology Leadership,RISK,0,0,0,0,"An appropriate risk identification and treatment program related to the access and use of confidential information is defined, implemented, and maintained."
RS-13,CAP-18,0,Inability to accurately forecast the consequences of adopted technologies or innovations.,Technology Leadership,RISK,0,0,0,0,"Results of risk assessments, including any residual risks exposures, are acknowledged by the risk owners."
RS-13,CAP-19,0,Inability to accurately forecast the consequences of adopted technologies or innovations.,Technology Leadership,RISK,0,0,0,0,"Risk assessments are completed on all critical applications, systems, and networks on a periodic basis."
RS-13,CAP-20,0,Inability to accurately forecast the consequences of adopted technologies or innovations.,Technology Leadership,RISK,0,0,0,0,Summary risk conditions of the enterprise information security program are provided to senior management.
RS-14,CAP-17,0,Lack of risk management at leadership level results in inability to adjust strategic and tactical plans to changing external threat environment.,Technology Leadership,RISK,0,0,0,0,"An appropriate risk identification and treatment program related to the access and use of confidential information is defined, implemented, and maintained."
RS-14,CAP-18,0,Lack of risk management at leadership level results in inability to adjust strategic and tactical plans to changing external threat environment.,Technology Leadership,RISK,0,0,0,0,"Results of risk assessments, including any residual risks exposures, are acknowledged by the risk owners."
RS-14,CAP-19,0,Lack of risk management at leadership level results in inability to adjust strategic and tactical plans to changing external threat environment.,Technology Leadership,RISK,0,0,0,0,"Risk assessments are completed on all critical applications, systems, and networks on a periodic basis."
RS-14,CAP-20,0,Lack of risk management at leadership level results in inability to adjust strategic and tactical plans to changing external threat environment.,Technology Leadership,RISK,0,0,0,0,Summary risk conditions of the enterprise information security program are provided to senior management.
RS-15,CAP-17,0,Inability to understand specific threats related to attackers.,External Cyber Adversaries,RISK,605283.8391761073,0,0,0,"An appropriate risk identification and treatment program related to the access and use of confidential information is defined, implemented, and maintained."
RS-15,CAP-18,0,Inability to understand specific threats related to attackers.,External Cyber Adversaries,RISK,605283.8391761073,0,0,0,"Results of risk assessments, including any residual risks exposures, are acknowledged by the risk owners."
RS-15,CAP-19,0,Inability to understand specific threats related to attackers.,External Cyber Adversaries,RISK,605283.8391761073,0,0,0,"Risk assessments are completed on all critical applications, systems, and networks on a periodic basis."
RS-15,CAP-20,0,Inability to understand specific threats related to attackers.,External Cyber Adversaries,RISK,605283.8391761073,0,0,0,Summary risk conditions of the enterprise information security program are provided to senior management.
RS-16,CAP-17,0,Security failure or instability of providers or partners results in disclosure of organizational data.,Organizational Internal Users,RISK,605283.8391761073,0,0,0,"An appropriate risk identification and treatment program related to the access and use of confidential information is defined, implemented, and maintained."
RS-16,CAP-18,0,Security failure or instability of providers or partners results in disclosure of organizational data.,Organizational Internal Users,RISK,605283.8391761073,0,0,0,"Results of risk assessments, including any residual risks exposures, are acknowledged by the risk owners."
RS-16,CAP-19,0,Security failure or instability of providers or partners results in disclosure of organizational data.,Organizational Internal Users,RISK,605283.8391761073,0,0,0,"Risk assessments are completed on all critical applications, systems, and networks on a periodic basis."
RS-16,CAP-20,0,Security failure or instability of providers or partners results in disclosure of organizational data.,Organizational Internal Users,RISK,605283.8391761073,0,0,0,Summary risk conditions of the enterprise information security program are provided to senior management.
RS-17,CAP-21,0,Internal user inappropriate use or misuse of information.,Organizational Internal Users,PRI,0,0,0,0,"Online privacy policy and terms of use statements are defined, implemented, and maintained."
RS-17,CAP-22,0,Internal user inappropriate use or misuse of information.,Organizational Internal Users,PRI,0,0,0,0,"Security controls and responsibility for information privacy are defined, implemented, and maintained."
RS-17,CAP-23,0,Internal user inappropriate use or misuse of information.,Organizational Internal Users,PRI,0,0,0,0,"Storage and transmission of confidential information is limited to minimum necessary, de-identified when possible, and deleted when no longer needed."
RS-17,CAP-24,0,Internal user inappropriate use or misuse of information.,Organizational Internal Users,PRI,0,0,0,0,"The privacy program and policies are defined, implemented, and maintained in cooperation with the Privacy Officer and support the business requirements and relevant regulations and laws."
RS-18,CAP-21,0,"Systemic noncompliance with privacy laws, regulations, and contractual agreements.",Regulators or Auditors,PRI,650330.3401590552,129024.70354277275,-129024.70354277275,0,"Online privacy policy and terms of use statements are defined, implemented, and maintained."
RS-18,CAP-22,0,"Systemic noncompliance with privacy laws, regulations, and contractual agreements.",Regulators or Auditors,PRI,650330.3401590552,129024.70354277275,-129024.70354277275,0,"Security controls and responsibility for information privacy are defined, implemented, and maintained."
RS-18,CAP-23,471290.73242593056,"Systemic noncompliance with privacy laws, regulations, and contractual agreements.",Regulators or Auditors,PRI,650330.3401590552,129024.70354277275,342266.0288831578,0.7262311888064749,"Storage and transmission of confidential information is limited to minimum necessary, de-identified when possible, and deleted when no longer needed."
RS-18,CAP-24,471290.73242593056,"Systemic noncompliance with privacy laws, regulations, and contractual agreements.",Regulators or Auditors,PRI,650330.3401590552,129024.70354277275,342266.0288831578,0.7262311888064749,"The privacy program and policies are defined, implemented, and maintained in cooperation with the Privacy Officer and support the business requirements and relevant regulations and laws."
RS-19,CAP-25,20440.26156440234,"Organizational security team cannot identify nor correct root cause of information breach, resulting in rework.",Organizational Internal Users,IM,20123.90217377858,21894.559682921237,-1454.2981185188983,-0.07114870394083536,"An incident management process is defined, implemented, and maintained."
RS-19,CAP-26,20440.26156440234,"Organizational security team cannot identify nor correct root cause of information breach, resulting in rework.",Organizational Internal Users,IM,20123.90217377858,21894.559682921237,-1454.2981185188983,-0.07114870394083536,"Working relationships are established with third party contracted services, counter-intelligence experts, regional organizations, and researchers working in the field of incident response."
RS-19,CAP-27,22278.958220496057,"Organizational security team cannot identify nor correct root cause of information breach, resulting in rework.",Organizational Internal Users,IM,20123.90217377858,21894.559682921237,384.3985375748198,0.017253882958548,Forensic investigation capabilities are established and available for incident response.
RS-19,CAP-28,22278.958220496057,"Organizational security team cannot identify nor correct root cause of information breach, resulting in rework.",Organizational Internal Users,IM,20123.90217377858,21894.559682921237,384.3985375748198,0.017253882958548,"Information security incidents are identified, responded to, mitigated, and documented."
RS-19,CAP-59,21396.32807123909,"Organizational security team cannot identify nor correct root cause of information breach, resulting in rework.",Organizational Internal Users,IM,20123.90217377858,21894.559682921237,-498.23161168214574,-0.023285846525781584,A process exists and is implemented for performing litigation holds.
RS-20,CAP-25,0,"Lack of incident handling results in noncompliance with laws, regulations, and contractual agreements.",Organizational Internal Users,IM,0,0,0,0,"An incident management process is defined, implemented, and maintained."
RS-20,CAP-26,0,"Lack of incident handling results in noncompliance with laws, regulations, and contractual agreements.",Organizational Internal Users,IM,0,0,0,0,"Working relationships are established with third party contracted services, counter-intelligence experts, regional organizations, and researchers working in the field of incident response."
RS-20,CAP-27,0,"Lack of incident handling results in noncompliance with laws, regulations, and contractual agreements.",Organizational Internal Users,IM,0,0,0,0,Forensic investigation capabilities are established and available for incident response.
RS-20,CAP-28,0,"Lack of incident handling results in noncompliance with laws, regulations, and contractual agreements.",Organizational Internal Users,IM,0,0,0,0,"Information security incidents are identified, responded to, mitigated, and documented."
RS-20,CAP-59,0,"Lack of incident handling results in noncompliance with laws, regulations, and contractual agreements.",Organizational Internal Users,IM,0,0,0,0,A process exists and is implemented for performing litigation holds.
RS-21,CAP-25,0,Failure to address security incidents results in reputation loss.,Organizational Internal Users,IM,650330.3401590552,261195.88124978356,-261195.88124978356,0,"An incident management process is defined, implemented, and maintained."
RS-21,CAP-26,0,Failure to address security incidents results in reputation loss.,Organizational Internal Users,IM,650330.3401590552,261195.88124978356,-261195.88124978356,0,"Working relationships are established with third party contracted services, counter-intelligence experts, regional organizations, and researchers working in the field of incident response."
RS-21,CAP-27,469122.72690380306,Failure to address security incidents results in reputation loss.,Organizational Internal Users,IM,650330.3401590552,261195.88124978356,207926.8456540195,0.44322484017419256,Forensic investigation capabilities are established and available for incident response.
RS-21,CAP-28,469122.72690380306,Failure to address security incidents results in reputation loss.,Organizational Internal Users,IM,650330.3401590552,261195.88124978356,207926.8456540195,0.44322484017419256,"Information security incidents are identified, responded to, mitigated, and documented."
RS-21,CAP-59,512152.144533611,Failure to address security incidents results in reputation loss.,Organizational Internal Users,IM,650330.3401590552,261195.88124978356,250956.26328382746,0.4900033436594503,A process exists and is implemented for performing litigation holds.
RS-22,CAP-25,65887.63994080885,Undetected and unremediated security incidents result in unmitigated access.,External Cyber Adversaries,IM,2452088.1323626116,1294332.7814783228,-1228445.141537514,-18.644546118833613,"An incident management process is defined, implemented, and maintained."
RS-22,CAP-26,65887.63994080885,Undetected and unremediated security incidents result in unmitigated access.,External Cyber Adversaries,IM,2452088.1323626116,1294332.7814783228,-1228445.141537514,-18.644546118833613,"Working relationships are established with third party contracted services, counter-intelligence experts, regional organizations, and researchers working in the field of incident response."
RS-22,CAP-27,1878950.0573384273,Undetected and unremediated security incidents result in unmitigated access.,External Cyber Adversaries,IM,2452088.1323626116,1294332.7814783228,584617.2758601045,0.311140401830705,Forensic investigation capabilities are established and available for incident response.
RS-22,CAP-28,1878950.0573384273,Undetected and unremediated security incidents result in unmitigated access.,External Cyber Adversaries,IM,2452088.1323626116,1294332.7814783228,584617.2758601045,0.311140401830705,"Information security incidents are identified, responded to, mitigated, and documented."
RS-22,CAP-59,2363514.6515820613,Undetected and unremediated security incidents result in unmitigated access.,External Cyber Adversaries,IM,2452088.1323626116,1294332.7814783228,1069181.8701037385,0.4523694699282115,A process exists and is implemented for performing litigation holds.
RS-23,CAP-25,0,Inadequate investigation results in inappropriate notifications.,External Cyber Adversaries,IM,605283.8391761073,0,0,0,"An incident management process is defined, implemented, and maintained."
RS-23,CAP-26,0,Inadequate investigation results in inappropriate notifications.,External Cyber Adversaries,IM,605283.8391761073,0,0,0,"Working relationships are established with third party contracted services, counter-intelligence experts, regional organizations, and researchers working in the field of incident response."
RS-23,CAP-27,0,Inadequate investigation results in inappropriate notifications.,External Cyber Adversaries,IM,605283.8391761073,0,0,0,Forensic investigation capabilities are established and available for incident response.
RS-23,CAP-28,0,Inadequate investigation results in inappropriate notifications.,External Cyber Adversaries,IM,605283.8391761073,0,0,0,"Information security incidents are identified, responded to, mitigated, and documented."
RS-23,CAP-59,0,Inadequate investigation results in inappropriate notifications.,External Cyber Adversaries,IM,605283.8391761073,0,0,0,A process exists and is implemented for performing litigation holds.
RS-24,CAP-30,19445.42746714787,Changing cultural norms on the use of data combined with insufficient education results in privacy violations.,Organizational Internal Users,HR,21545.801837136783,18368.03729367559,1077.3901734722822,0.055405836425683204,Provide content and support for an information security and privacy awareness and education program for workforce members.
RS-24,CAP-31,17216.62047295635,Changing cultural norms on the use of data combined with insufficient education results in privacy violations.,Organizational Internal Users,HR,21545.801837136783,18368.03729367559,-1151.4168207192379,-0.06687821355694451,"Provide content review and support education efforts for all associated information security policies, including employee roles and responsibilities."
RS-24,CAP-60,20271.92888805949,Changing cultural norms on the use of data combined with insufficient education results in privacy violations.,Organizational Internal Users,HR,21545.801837136783,18368.03729367559,1903.891594383902,0.09391763383233484,Ensure workforce member security responsibilities are defined acording to security policy and communicated.
RS-25,CAP-29,559458.8568717589,"Through insufficient training, workforce members cannot identify (or fail to report) potential information security incidents, resulting in loss from undetected attacks.",Organizational Internal Users,HR,652680.0837618799,622607.711921365,-63148.85504960606,-0.11287488664082632,Provide community outreach and collaborate with other organizations.
RS-25,CAP-30,622875.2452227834,"Through insufficient training, workforce members cannot identify (or fail to report) potential information security incidents, resulting in loss from undetected attacks.",Organizational Internal Users,HR,652680.0837618799,622607.711921365,267.53330141841434,4.295134595094173e-4,Provide content and support for an information security and privacy awareness and education program for workforce members.
RS-25,CAP-31,591111.1699721126,"Through insufficient training, workforce members cannot identify (or fail to report) potential information security incidents, resulting in loss from undetected attacks.",Organizational Internal Users,HR,652680.0837618799,622607.711921365,-31496.541949252365,-0.053283618292542675,"Provide content review and support education efforts for all associated information security policies, including employee roles and responsibilities."
RS-25,CAP-60,591111.1699721126,"Through insufficient training, workforce members cannot identify (or fail to report) potential information security incidents, resulting in loss from undetected attacks.",Organizational Internal Users,HR,652680.0837618799,622607.711921365,-31496.541949252365,-0.053283618292542675,Ensure workforce member security responsibilities are defined acording to security policy and communicated.
RS-26,CAP-30,95601.0705550923,"Misuse of information assets or user errors (data entry errors, omissions, inadvertent acts or carelessness).",Organizational Internal Users,HR,605283.8391761073,0,95601.0705550923,1,Provide content and support for an information security and privacy awareness and education program for workforce members.
RS-26,CAP-31,0,"Misuse of information assets or user errors (data entry errors, omissions, inadvertent acts or carelessness).",Organizational Internal Users,HR,605283.8391761073,0,0,0,"Provide content review and support education efforts for all associated information security policies, including employee roles and responsibilities."
RS-26,CAP-60,0,"Misuse of information assets or user errors (data entry errors, omissions, inadvertent acts or carelessness).",Organizational Internal Users,HR,605283.8391761073,0,0,0,Ensure workforce member security responsibilities are defined acording to security policy and communicated.
RS-27,CAP-29,0,Successful social engineering attacks result in information or financial loss.,External Cyber Adversaries,HR,21351.05446181175,0,0,0,Provide community outreach and collaborate with other organizations.
RS-27,CAP-30,0,Successful social engineering attacks result in information or financial loss.,External Cyber Adversaries,HR,21351.05446181175,0,0,0,Provide content and support for an information security and privacy awareness and education program for workforce members.
RS-27,CAP-31,0,Successful social engineering attacks result in information or financial loss.,External Cyber Adversaries,HR,21351.05446181175,0,0,0,"Provide content review and support education efforts for all associated information security policies, including employee roles and responsibilities."
RS-27,CAP-60,0,Successful social engineering attacks result in information or financial loss.,External Cyber Adversaries,HR,21351.05446181175,0,0,0,Ensure workforce member security responsibilities are defined acording to security policy and communicated.
RS-28,CAP-33,89500.31567781401,Unknown attack intelligence results in undetected events.,External Cyber Adversaries,OPS,89012.71234855407,92883.95110231222,-3383.6354244982067,-0.037805849050619234,"Baseline measurement processes for application, system, and network activity are defined, implemented, and maintained."
RS-28,CAP-34,90632.23055447274,Unknown attack intelligence results in undetected events.,External Cyber Adversaries,OPS,89012.71234855407,92883.95110231222,-2251.7205478394753,-0.024844589326157237,"Intrusion detection mechanism is defined, implemented, and maintained."
RS-28,CAP-35,90632.23055447274,Unknown attack intelligence results in undetected events.,External Cyber Adversaries,OPS,89012.71234855407,92883.95110231222,-2251.7205478394753,-0.024844589326157237,"Logging process of network, systems, and applications is defined, implemented, and maintained."
RS-28,CAP-36,90632.23055447274,Unknown attack intelligence results in undetected events.,External Cyber Adversaries,OPS,89012.71234855407,92883.95110231222,-2251.7205478394753,-0.024844589326157237,"Monitoring capability of critical systems is defined, implemented, and maintained."
RS-29,CAP-33,19625.397720309033,Unknown incidence of security breach,External Cyber Adversaries,OPS,21545.801837136783,21035.508273574116,-1410.1105532650836,-0.07185131090647162,"Baseline measurement processes for application, system, and network activity are defined, implemented, and maintained."
RS-29,CAP-34,18368.03729367559,Unknown incidence of security breach,External Cyber Adversaries,OPS,21545.801837136783,21035.508273574116,-2667.4709798985277,-0.14522351720273244,"Intrusion detection mechanism is defined, implemented, and maintained."
RS-29,CAP-35,18368.03729367559,Unknown incidence of security breach,External Cyber Adversaries,OPS,21545.801837136783,21035.508273574116,-2667.4709798985277,-0.14522351720273244,"Logging process of network, systems, and applications is defined, implemented, and maintained."
RS-29,CAP-36,18368.03729367559,Unknown incidence of security breach,External Cyber Adversaries,OPS,21545.801837136783,21035.508273574116,-2667.4709798985277,-0.14522351720273244,"Monitoring capability of critical systems is defined, implemented, and maintained."
RS-30,CAP-33,414062.4861548587,"Lack of monitoring demonstrates failure to take due care, resulting in non-compliance with associated laws and regulations.",Regulators or Auditors,OPS,605283.8391761073,117273.63032879989,296788.85582605883,0.7167731097355684,"Baseline measurement processes for application, system, and network activity are defined, implemented, and maintained."
RS-30,CAP-34,0,"Lack of monitoring demonstrates failure to take due care, resulting in non-compliance with associated laws and regulations.",Regulators or Auditors,OPS,605283.8391761073,117273.63032879989,-117273.63032879989,0,"Intrusion detection mechanism is defined, implemented, and maintained."
RS-30,CAP-35,0,"Lack of monitoring demonstrates failure to take due care, resulting in non-compliance with associated laws and regulations.",Regulators or Auditors,OPS,605283.8391761073,117273.63032879989,-117273.63032879989,0,"Logging process of network, systems, and applications is defined, implemented, and maintained."
RS-30,CAP-36,0,"Lack of monitoring demonstrates failure to take due care, resulting in non-compliance with associated laws and regulations.",Regulators or Auditors,OPS,605283.8391761073,117273.63032879989,-117273.63032879989,0,"Monitoring capability of critical systems is defined, implemented, and maintained."
RS-31,CAP-41,0,Business disruption and non-recovery of data.,Organizational Internal Users,BC,605283.8391761073,0,0,0,"Business disaster recovery and continuity plans are defined, implemented, and maintained."
RS-31,CAP-45,0,Business disruption and non-recovery of data.,Organizational Internal Users,BC,605283.8391761073,0,0,0,"Systematic backup process for critical information and software is defined, implemented, and maintained."
RS-32,CAP-37,0,Changing or adding software without authorization results in system performance or data disclosure.,Organizational Internal Users,OPS,2509572.2606246294,0,0,0,"A change and configuration management process is defined, implemented, and maintained."
RS-32,CAP-38,0,Changing or adding software without authorization results in system performance or data disclosure.,Organizational Internal Users,OPS,2509572.2606246294,0,0,0,"A flaw remediation process is defined, implemented, and maintained."
RS-32,CAP-40,0,Changing or adding software without authorization results in system performance or data disclosure.,Organizational Internal Users,OPS,2509572.2606246294,0,0,0,"An acceptable use standard is defined, implemented, and maintained."
RS-32,CAP-41,0,Changing or adding software without authorization results in system performance or data disclosure.,Organizational Internal Users,OPS,2509572.2606246294,0,0,0,"Business disaster recovery and continuity plans are defined, implemented, and maintained."
RS-32,CAP-42,0,Changing or adding software without authorization results in system performance or data disclosure.,Organizational Internal Users,OPS,2509572.2606246294,0,0,0,"Institutional hardware, software, system build, and maintenance standards are defined, implemented, and maintained."
RS-32,CAP-43,0,Changing or adding software without authorization results in system performance or data disclosure.,Organizational Internal Users,OPS,2509572.2606246294,0,0,0,"Privacy and information security technical architecture standards are defined, implemented, and maintained."
RS-32,CAP-46,0,Changing or adding software without authorization results in system performance or data disclosure.,Organizational Internal Users,OPS,2509572.2606246294,0,0,0,"A cryptographic process and data protection standard is defined, implemented, and maintained."
RS-32,CAP-47,0,Changing or adding software without authorization results in system performance or data disclosure.,Organizational Internal Users,OPS,2509572.2606246294,0,0,0,"A remote and external access process is defined, implemented, and maintained."
RS-32,CAP-48,0,Changing or adding software without authorization results in system performance or data disclosure.,Organizational Internal Users,OPS,2509572.2606246294,0,0,0,"An access authorization process for all authorized users and information systems is defined, implemented, and maintained."
RS-32,CAP-49,0,Changing or adding software without authorization results in system performance or data disclosure.,Organizational Internal Users,OPS,2509572.2606246294,0,0,0,"An authentication mechanism for all authorized users and information systems is defined, implemented, and maintained."
RS-32,CAP-50,0,Changing or adding software without authorization results in system performance or data disclosure.,Organizational Internal Users,OPS,2509572.2606246294,0,0,0,"Network, system, and application level protection measures are defined, implemented, and maintained."
RS-32,CAP-39,0,Changing or adding software without authorization results in system performance or data disclosure.,Organizational Internal Users,OPS,2509572.2606246294,0,0,0,"A media & device handling and destruction process is defined, implemented, and maintained."
RS-32,CAP-51,0,Changing or adding software without authorization results in system performance or data disclosure.,Organizational Internal Users,OPS,2509572.2606246294,0,0,0,"A data destruction or disposal process is defined, implemented, and maintained."
RS-32,CAP-33,0,Changing or adding software without authorization results in system performance or data disclosure.,Organizational Internal Users,OPS,2509572.2606246294,0,0,0,"Baseline measurement processes for application, system, and network activity are defined, implemented, and maintained."
RS-32,CAP-34,0,Changing or adding software without authorization results in system performance or data disclosure.,Organizational Internal Users,OPS,2509572.2606246294,0,0,0,"Intrusion detection mechanism is defined, implemented, and maintained."
RS-32,CAP-35,0,Changing or adding software without authorization results in system performance or data disclosure.,Organizational Internal Users,OPS,2509572.2606246294,0,0,0,"Logging process of network, systems, and applications is defined, implemented, and maintained."
RS-32,CAP-36,0,Changing or adding software without authorization results in system performance or data disclosure.,Organizational Internal Users,OPS,2509572.2606246294,0,0,0,"Monitoring capability of critical systems is defined, implemented, and maintained."
RS-33,CAP-37,0,Malfunction of business application and system software.,Organizational Internal Users,OPS,0,0,0,0,"A change and configuration management process is defined, implemented, and maintained."
RS-33,CAP-38,0,Malfunction of business application and system software.,Organizational Internal Users,OPS,0,0,0,0,"A flaw remediation process is defined, implemented, and maintained."
RS-33,CAP-40,0,Malfunction of business application and system software.,Organizational Internal Users,OPS,0,0,0,0,"An acceptable use standard is defined, implemented, and maintained."
RS-33,CAP-41,0,Malfunction of business application and system software.,Organizational Internal Users,OPS,0,0,0,0,"Business disaster recovery and continuity plans are defined, implemented, and maintained."
RS-33,CAP-42,0,Malfunction of business application and system software.,Organizational Internal Users,OPS,0,0,0,0,"Institutional hardware, software, system build, and maintenance standards are defined, implemented, and maintained."
RS-33,CAP-43,0,Malfunction of business application and system software.,Organizational Internal Users,OPS,0,0,0,0,"Privacy and information security technical architecture standards are defined, implemented, and maintained."
RS-33,CAP-46,0,Malfunction of business application and system software.,Organizational Internal Users,OPS,0,0,0,0,"A cryptographic process and data protection standard is defined, implemented, and maintained."
RS-33,CAP-47,0,Malfunction of business application and system software.,Organizational Internal Users,OPS,0,0,0,0,"A remote and external access process is defined, implemented, and maintained."
RS-33,CAP-48,0,Malfunction of business application and system software.,Organizational Internal Users,OPS,0,0,0,0,"An access authorization process for all authorized users and information systems is defined, implemented, and maintained."
RS-33,CAP-49,0,Malfunction of business application and system software.,Organizational Internal Users,OPS,0,0,0,0,"An authentication mechanism for all authorized users and information systems is defined, implemented, and maintained."
RS-33,CAP-50,0,Malfunction of business application and system software.,Organizational Internal Users,OPS,0,0,0,0,"Network, system, and application level protection measures are defined, implemented, and maintained."
RS-33,CAP-39,0,Malfunction of business application and system software.,Organizational Internal Users,OPS,0,0,0,0,"A media & device handling and destruction process is defined, implemented, and maintained."
RS-33,CAP-51,0,Malfunction of business application and system software.,Organizational Internal Users,OPS,0,0,0,0,"A data destruction or disposal process is defined, implemented, and maintained."
RS-33,CAP-33,0,Malfunction of business application and system software.,Organizational Internal Users,OPS,0,0,0,0,"Baseline measurement processes for application, system, and network activity are defined, implemented, and maintained."
RS-33,CAP-34,0,Malfunction of business application and system software.,Organizational Internal Users,OPS,0,0,0,0,"Intrusion detection mechanism is defined, implemented, and maintained."
RS-33,CAP-35,0,Malfunction of business application and system software.,Organizational Internal Users,OPS,0,0,0,0,"Logging process of network, systems, and applications is defined, implemented, and maintained."
RS-33,CAP-36,0,Malfunction of business application and system software.,Organizational Internal Users,OPS,0,0,0,0,"Monitoring capability of critical systems is defined, implemented, and maintained."
RS-34,CAP-37,0,"Lack of ability to respond to targeted malware (Trojan horse, spyware, BOTS, worms, and viruses) results in compromise of data assets.",External Cyber Adversaries,OPS,0,0,0,0,"A change and configuration management process is defined, implemented, and maintained."
RS-34,CAP-38,0,"Lack of ability to respond to targeted malware (Trojan horse, spyware, BOTS, worms, and viruses) results in compromise of data assets.",External Cyber Adversaries,OPS,0,0,0,0,"A flaw remediation process is defined, implemented, and maintained."
RS-34,CAP-40,0,"Lack of ability to respond to targeted malware (Trojan horse, spyware, BOTS, worms, and viruses) results in compromise of data assets.",External Cyber Adversaries,OPS,0,0,0,0,"An acceptable use standard is defined, implemented, and maintained."
RS-34,CAP-41,0,"Lack of ability to respond to targeted malware (Trojan horse, spyware, BOTS, worms, and viruses) results in compromise of data assets.",External Cyber Adversaries,OPS,0,0,0,0,"Business disaster recovery and continuity plans are defined, implemented, and maintained."
RS-34,CAP-42,0,"Lack of ability to respond to targeted malware (Trojan horse, spyware, BOTS, worms, and viruses) results in compromise of data assets.",External Cyber Adversaries,OPS,0,0,0,0,"Institutional hardware, software, system build, and maintenance standards are defined, implemented, and maintained."
RS-34,CAP-43,0,"Lack of ability to respond to targeted malware (Trojan horse, spyware, BOTS, worms, and viruses) results in compromise of data assets.",External Cyber Adversaries,OPS,0,0,0,0,"Privacy and information security technical architecture standards are defined, implemented, and maintained."
RS-34,CAP-46,0,"Lack of ability to respond to targeted malware (Trojan horse, spyware, BOTS, worms, and viruses) results in compromise of data assets.",External Cyber Adversaries,OPS,0,0,0,0,"A cryptographic process and data protection standard is defined, implemented, and maintained."
RS-34,CAP-47,0,"Lack of ability to respond to targeted malware (Trojan horse, spyware, BOTS, worms, and viruses) results in compromise of data assets.",External Cyber Adversaries,OPS,0,0,0,0,"A remote and external access process is defined, implemented, and maintained."
RS-34,CAP-48,0,"Lack of ability to respond to targeted malware (Trojan horse, spyware, BOTS, worms, and viruses) results in compromise of data assets.",External Cyber Adversaries,OPS,0,0,0,0,"An access authorization process for all authorized users and information systems is defined, implemented, and maintained."
RS-34,CAP-49,0,"Lack of ability to respond to targeted malware (Trojan horse, spyware, BOTS, worms, and viruses) results in compromise of data assets.",External Cyber Adversaries,OPS,0,0,0,0,"An authentication mechanism for all authorized users and information systems is defined, implemented, and maintained."
RS-34,CAP-50,0,"Lack of ability to respond to targeted malware (Trojan horse, spyware, BOTS, worms, and viruses) results in compromise of data assets.",External Cyber Adversaries,OPS,0,0,0,0,"Network, system, and application level protection measures are defined, implemented, and maintained."
RS-34,CAP-39,0,"Lack of ability to respond to targeted malware (Trojan horse, spyware, BOTS, worms, and viruses) results in compromise of data assets.",External Cyber Adversaries,OPS,0,0,0,0,"A media & device handling and destruction process is defined, implemented, and maintained."
RS-34,CAP-51,0,"Lack of ability to respond to targeted malware (Trojan horse, spyware, BOTS, worms, and viruses) results in compromise of data assets.",External Cyber Adversaries,OPS,0,0,0,0,"A data destruction or disposal process is defined, implemented, and maintained."
RS-34,CAP-33,0,"Lack of ability to respond to targeted malware (Trojan horse, spyware, BOTS, worms, and viruses) results in compromise of data assets.",External Cyber Adversaries,OPS,0,0,0,0,"Baseline measurement processes for application, system, and network activity are defined, implemented, and maintained."
RS-34,CAP-34,0,"Lack of ability to respond to targeted malware (Trojan horse, spyware, BOTS, worms, and viruses) results in compromise of data assets.",External Cyber Adversaries,OPS,0,0,0,0,"Intrusion detection mechanism is defined, implemented, and maintained."
RS-34,CAP-35,0,"Lack of ability to respond to targeted malware (Trojan horse, spyware, BOTS, worms, and viruses) results in compromise of data assets.",External Cyber Adversaries,OPS,0,0,0,0,"Logging process of network, systems, and applications is defined, implemented, and maintained."
RS-34,CAP-36,0,"Lack of ability to respond to targeted malware (Trojan horse, spyware, BOTS, worms, and viruses) results in compromise of data assets.",External Cyber Adversaries,OPS,0,0,0,0,"Monitoring capability of critical systems is defined, implemented, and maintained."
RS-35,CAP-37,0,Breach through technical controls results in reportable significant unauthorized disclosure of data.,External Cyber Adversaries,OPS,0,0,0,0,"A change and configuration management process is defined, implemented, and maintained."
RS-35,CAP-38,0,Breach through technical controls results in reportable significant unauthorized disclosure of data.,External Cyber Adversaries,OPS,0,0,0,0,"A flaw remediation process is defined, implemented, and maintained."
RS-35,CAP-40,0,Breach through technical controls results in reportable significant unauthorized disclosure of data.,External Cyber Adversaries,OPS,0,0,0,0,"An acceptable use standard is defined, implemented, and maintained."
RS-35,CAP-41,0,Breach through technical controls results in reportable significant unauthorized disclosure of data.,External Cyber Adversaries,OPS,0,0,0,0,"Business disaster recovery and continuity plans are defined, implemented, and maintained."
RS-35,CAP-42,0,Breach through technical controls results in reportable significant unauthorized disclosure of data.,External Cyber Adversaries,OPS,0,0,0,0,"Institutional hardware, software, system build, and maintenance standards are defined, implemented, and maintained."
RS-35,CAP-43,0,Breach through technical controls results in reportable significant unauthorized disclosure of data.,External Cyber Adversaries,OPS,0,0,0,0,"Privacy and information security technical architecture standards are defined, implemented, and maintained."
RS-35,CAP-46,0,Breach through technical controls results in reportable significant unauthorized disclosure of data.,External Cyber Adversaries,OPS,0,0,0,0,"A cryptographic process and data protection standard is defined, implemented, and maintained."
RS-35,CAP-47,0,Breach through technical controls results in reportable significant unauthorized disclosure of data.,External Cyber Adversaries,OPS,0,0,0,0,"A remote and external access process is defined, implemented, and maintained."
RS-35,CAP-48,0,Breach through technical controls results in reportable significant unauthorized disclosure of data.,External Cyber Adversaries,OPS,0,0,0,0,"An access authorization process for all authorized users and information systems is defined, implemented, and maintained."
RS-35,CAP-49,0,Breach through technical controls results in reportable significant unauthorized disclosure of data.,External Cyber Adversaries,OPS,0,0,0,0,"An authentication mechanism for all authorized users and information systems is defined, implemented, and maintained."
RS-35,CAP-50,0,Breach through technical controls results in reportable significant unauthorized disclosure of data.,External Cyber Adversaries,OPS,0,0,0,0,"Network, system, and application level protection measures are defined, implemented, and maintained."
RS-35,CAP-39,0,Breach through technical controls results in reportable significant unauthorized disclosure of data.,External Cyber Adversaries,OPS,0,0,0,0,"A media & device handling and destruction process is defined, implemented, and maintained."
RS-35,CAP-51,0,Breach through technical controls results in reportable significant unauthorized disclosure of data.,External Cyber Adversaries,OPS,0,0,0,0,"A data destruction or disposal process is defined, implemented, and maintained."
RS-35,CAP-33,0,Breach through technical controls results in reportable significant unauthorized disclosure of data.,External Cyber Adversaries,OPS,0,0,0,0,"Baseline measurement processes for application, system, and network activity are defined, implemented, and maintained."
RS-35,CAP-34,0,Breach through technical controls results in reportable significant unauthorized disclosure of data.,External Cyber Adversaries,OPS,0,0,0,0,"Intrusion detection mechanism is defined, implemented, and maintained."
RS-35,CAP-35,0,Breach through technical controls results in reportable significant unauthorized disclosure of data.,External Cyber Adversaries,OPS,0,0,0,0,"Logging process of network, systems, and applications is defined, implemented, and maintained."
RS-35,CAP-36,0,Breach through technical controls results in reportable significant unauthorized disclosure of data.,External Cyber Adversaries,OPS,0,0,0,0,"Monitoring capability of critical systems is defined, implemented, and maintained."
RS-36,CAP-37,0,"Unforeseen effect of changes to software, computer, and communications equipment.",Technology Leadership,OPS,21351.05446181175,0,0,0,"A change and configuration management process is defined, implemented, and maintained."
RS-36,CAP-38,0,"Unforeseen effect of changes to software, computer, and communications equipment.",Technology Leadership,OPS,21351.05446181175,0,0,0,"A flaw remediation process is defined, implemented, and maintained."
RS-36,CAP-40,0,"Unforeseen effect of changes to software, computer, and communications equipment.",Technology Leadership,OPS,21351.05446181175,0,0,0,"An acceptable use standard is defined, implemented, and maintained."
RS-36,CAP-41,0,"Unforeseen effect of changes to software, computer, and communications equipment.",Technology Leadership,OPS,21351.05446181175,0,0,0,"Business disaster recovery and continuity plans are defined, implemented, and maintained."
RS-36,CAP-42,0,"Unforeseen effect of changes to software, computer, and communications equipment.",Technology Leadership,OPS,21351.05446181175,0,0,0,"Institutional hardware, software, system build, and maintenance standards are defined, implemented, and maintained."
RS-36,CAP-43,0,"Unforeseen effect of changes to software, computer, and communications equipment.",Technology Leadership,OPS,21351.05446181175,0,0,0,"Privacy and information security technical architecture standards are defined, implemented, and maintained."
RS-36,CAP-46,0,"Unforeseen effect of changes to software, computer, and communications equipment.",Technology Leadership,OPS,21351.05446181175,0,0,0,"A cryptographic process and data protection standard is defined, implemented, and maintained."
RS-36,CAP-47,0,"Unforeseen effect of changes to software, computer, and communications equipment.",Technology Leadership,OPS,21351.05446181175,0,0,0,"A remote and external access process is defined, implemented, and maintained."
RS-36,CAP-48,0,"Unforeseen effect of changes to software, computer, and communications equipment.",Technology Leadership,OPS,21351.05446181175,0,0,0,"An access authorization process for all authorized users and information systems is defined, implemented, and maintained."
RS-36,CAP-49,0,"Unforeseen effect of changes to software, computer, and communications equipment.",Technology Leadership,OPS,21351.05446181175,0,0,0,"An authentication mechanism for all authorized users and information systems is defined, implemented, and maintained."
RS-36,CAP-50,0,"Unforeseen effect of changes to software, computer, and communications equipment.",Technology Leadership,OPS,21351.05446181175,0,0,0,"Network, system, and application level protection measures are defined, implemented, and maintained."
RS-36,CAP-39,0,"Unforeseen effect of changes to software, computer, and communications equipment.",Technology Leadership,OPS,21351.05446181175,0,0,0,"A media & device handling and destruction process is defined, implemented, and maintained."
RS-36,CAP-51,0,"Unforeseen effect of changes to software, computer, and communications equipment.",Technology Leadership,OPS,21351.05446181175,0,0,0,"A data destruction or disposal process is defined, implemented, and maintained."
RS-36,CAP-33,0,"Unforeseen effect of changes to software, computer, and communications equipment.",Technology Leadership,OPS,21351.05446181175,0,0,0,"Baseline measurement processes for application, system, and network activity are defined, implemented, and maintained."
RS-36,CAP-34,0,"Unforeseen effect of changes to software, computer, and communications equipment.",Technology Leadership,OPS,21351.05446181175,0,0,0,"Intrusion detection mechanism is defined, implemented, and maintained."
RS-36,CAP-35,0,"Unforeseen effect of changes to software, computer, and communications equipment.",Technology Leadership,OPS,21351.05446181175,0,0,0,"Logging process of network, systems, and applications is defined, implemented, and maintained."
RS-36,CAP-36,0,"Unforeseen effect of changes to software, computer, and communications equipment.",Technology Leadership,OPS,21351.05446181175,0,0,0,"Monitoring capability of critical systems is defined, implemented, and maintained."
RS-37,CAP-25,0,"Destruction, misuse, or modification of information assets through breach of technical controls.",External Cyber Adversaries,IM,0,0,0,0,"An incident management process is defined, implemented, and maintained."
RS-37,CAP-26,0,"Destruction, misuse, or modification of information assets through breach of technical controls.",External Cyber Adversaries,IM,0,0,0,0,"Working relationships are established with third party contracted services, counter-intelligence experts, regional organizations, and researchers working in the field of incident response."
RS-37,CAP-27,0,"Destruction, misuse, or modification of information assets through breach of technical controls.",External Cyber Adversaries,IM,0,0,0,0,Forensic investigation capabilities are established and available for incident response.
RS-37,CAP-28,0,"Destruction, misuse, or modification of information assets through breach of technical controls.",External Cyber Adversaries,IM,0,0,0,0,"Information security incidents are identified, responded to, mitigated, and documented."
RS-37,CAP-59,0,"Destruction, misuse, or modification of information assets through breach of technical controls.",External Cyber Adversaries,IM,0,0,0,0,A process exists and is implemented for performing litigation holds.
RS-38,CAP-25,0,Eroding network boundaries result in lack of defenses on systems.,External Cyber Adversaries,IM,0,0,0,0,"An incident management process is defined, implemented, and maintained."
RS-38,CAP-26,0,Eroding network boundaries result in lack of defenses on systems.,External Cyber Adversaries,IM,0,0,0,0,"Working relationships are established with third party contracted services, counter-intelligence experts, regional organizations, and researchers working in the field of incident response."
RS-38,CAP-27,0,Eroding network boundaries result in lack of defenses on systems.,External Cyber Adversaries,IM,0,0,0,0,Forensic investigation capabilities are established and available for incident response.
RS-38,CAP-28,0,Eroding network boundaries result in lack of defenses on systems.,External Cyber Adversaries,IM,0,0,0,0,"Information security incidents are identified, responded to, mitigated, and documented."
RS-38,CAP-59,0,Eroding network boundaries result in lack of defenses on systems.,External Cyber Adversaries,IM,0,0,0,0,A process exists and is implemented for performing litigation holds.
RS-39,CAP-25,2569.3513921916065,External attackers breach technical controls and gain unauthorized access to systems and networks.,External Cyber Adversaries,IM,93333.20188277455,44759.26680737471,-42189.9154151831,-16.420453637988352,"An incident management process is defined, implemented, and maintained."
RS-39,CAP-26,2569.3513921916065,External attackers breach technical controls and gain unauthorized access to systems and networks.,External Cyber Adversaries,IM,93333.20188277455,44759.26680737471,-42189.9154151831,-16.420453637988352,"Working relationships are established with third party contracted services, counter-intelligence experts, regional organizations, and researchers working in the field of incident response."
RS-39,CAP-27,70369.7843179706,External attackers breach technical controls and gain unauthorized access to systems and networks.,External Cyber Adversaries,IM,93333.20188277455,44759.26680737471,25610.517510595884,0.3639419639951295,Forensic investigation capabilities are established and available for incident response.
RS-39,CAP-28,70369.7843179706,External attackers breach technical controls and gain unauthorized access to systems and networks.,External Cyber Adversaries,IM,93333.20188277455,44759.26680737471,25610.517510595884,0.3639419639951295,"Information security incidents are identified, responded to, mitigated, and documented."
RS-39,CAP-59,80298.96799095695,External attackers breach technical controls and gain unauthorized access to systems and networks.,External Cyber Adversaries,IM,93333.20188277455,44759.26680737471,35539.70118358224,0.44259225333487007,A process exists and is implemented for performing litigation holds.
RS-40,CAP-25,0,Unintended consequence of implemented information security controls on workforce or connected devices.,Organizational Internal Users,IM,650330.3401590552,261195.88124978356,-261195.88124978356,0,"An incident management process is defined, implemented, and maintained."
RS-40,CAP-26,0,Unintended consequence of implemented information security controls on workforce or connected devices.,Organizational Internal Users,IM,650330.3401590552,261195.88124978356,-261195.88124978356,0,"Working relationships are established with third party contracted services, counter-intelligence experts, regional organizations, and researchers working in the field of incident response."
RS-40,CAP-27,469122.72690380306,Unintended consequence of implemented information security controls on workforce or connected devices.,Organizational Internal Users,IM,650330.3401590552,261195.88124978356,207926.8456540195,0.44322484017419256,Forensic investigation capabilities are established and available for incident response.
RS-40,CAP-28,469122.72690380306,Unintended consequence of implemented information security controls on workforce or connected devices.,Organizational Internal Users,IM,650330.3401590552,261195.88124978356,207926.8456540195,0.44322484017419256,"Information security incidents are identified, responded to, mitigated, and documented."
RS-40,CAP-59,512152.144533611,Unintended consequence of implemented information security controls on workforce or connected devices.,Organizational Internal Users,IM,650330.3401590552,261195.88124978356,250956.26328382746,0.4900033436594503,A process exists and is implemented for performing litigation holds.
RS-41,CAP-52,0,Damage to or loss of information systems and network services through terror-related physical attack.,Political Activists,PHY,0,0,0,0,"Physical access process for buildings that house critical IT facilities is defined, implemented, and maintained."
RS-41,CAP-53,0,Damage to or loss of information systems and network services through terror-related physical attack.,Political Activists,PHY,0,0,0,0,"Physical protection process for buildings that house critical IT facilities is defined, implemented, and maintained."
RS-41,CAP-54,0,Damage to or loss of information systems and network services through terror-related physical attack.,Political Activists,PHY,0,0,0,0,"Physical protection process for critical information systems and institutional information is defined, implemented, and maintained."
RS-41,CAP-55,0,Damage to or loss of information systems and network services through terror-related physical attack.,Political Activists,PHY,0,0,0,0,"The physical security plan is defined, implemented, and maintained."
RS-42,CAP-52,0,Damage to or loss of physical facility through natural disaster.,Environmental,PHY,0,0,0,0,"Physical access process for buildings that house critical IT facilities is defined, implemented, and maintained."
RS-42,CAP-53,0,Damage to or loss of physical facility through natural disaster.,Environmental,PHY,0,0,0,0,"Physical protection process for buildings that house critical IT facilities is defined, implemented, and maintained."
RS-42,CAP-54,0,Damage to or loss of physical facility through natural disaster.,Environmental,PHY,0,0,0,0,"Physical protection process for critical information systems and institutional information is defined, implemented, and maintained."
RS-42,CAP-55,0,Damage to or loss of physical facility through natural disaster.,Environmental,PHY,0,0,0,0,"The physical security plan is defined, implemented, and maintained."
RS-43,CAP-52,0,Inappropriate release of information assets through physical disclosure.,Organizational Internal Users,PHY,0,0,0,0,"Physical access process for buildings that house critical IT facilities is defined, implemented, and maintained."
RS-43,CAP-53,0,Inappropriate release of information assets through physical disclosure.,Organizational Internal Users,PHY,0,0,0,0,"Physical protection process for buildings that house critical IT facilities is defined, implemented, and maintained."
RS-43,CAP-54,0,Inappropriate release of information assets through physical disclosure.,Organizational Internal Users,PHY,0,0,0,0,"Physical protection process for critical information systems and institutional information is defined, implemented, and maintained."
RS-43,CAP-55,0,Inappropriate release of information assets through physical disclosure.,Organizational Internal Users,PHY,0,0,0,0,"The physical security plan is defined, implemented, and maintained."
RS-44,CAP-52,0,Theft or loss of physical assets.,Political Activists,PHY,605283.8391761073,0,0,0,"Physical access process for buildings that house critical IT facilities is defined, implemented, and maintained."
RS-44,CAP-53,0,Theft or loss of physical assets.,Political Activists,PHY,605283.8391761073,0,0,0,"Physical protection process for buildings that house critical IT facilities is defined, implemented, and maintained."
RS-44,CAP-54,0,Theft or loss of physical assets.,Political Activists,PHY,605283.8391761073,0,0,0,"Physical protection process for critical information systems and institutional information is defined, implemented, and maintained."
RS-44,CAP-55,0,Theft or loss of physical assets.,Political Activists,PHY,605283.8391761073,0,0,0,"The physical security plan is defined, implemented, and maintained."
RS-45,CAP-56,21658.58506687567,Loss of information assets due to misclassification and non-classification.,Organizational Internal Users,ASSET,21545.801837136783,19445.42746714787,2213.157599727798,0.10218384963256762,"A process to identify, inventory, assign ownership, and classify institutional information and information systems is defined, implemented, and maintained."
RS-45,CAP-39,21658.58506687567,Loss of information assets due to misclassification and non-classification.,Organizational Internal Users,ASSET,21545.801837136783,19445.42746714787,2213.157599727798,0.10218384963256762,"A media & device handling and destruction process is defined, implemented, and maintained."
RS-46,CAP-56,0,Misclassification due to data aggregation.,Organizational Internal Users,ASSET,0,0,0,0,"A process to identify, inventory, assign ownership, and classify institutional information and information systems is defined, implemented, and maintained."
RS-46,CAP-39,0,Misclassification due to data aggregation.,Organizational Internal Users,ASSET,0,0,0,0,"A media & device handling and destruction process is defined, implemented, and maintained."
RS-47,CAP-56,0,Lack of accountability for critical information and systems results in inappropriate control and inventory.,Organizational Internal Users,ASSET,0,0,0,0,"A process to identify, inventory, assign ownership, and classify institutional information and information systems is defined, implemented, and maintained."
RS-47,CAP-39,0,Lack of accountability for critical information and systems results in inappropriate control and inventory.,Organizational Internal Users,ASSET,0,0,0,0,"A media & device handling and destruction process is defined, implemented, and maintained."
RS-48,CAP-57,0,Unauthorized access to or use of information and systems results in inappropriate use by internal users.,Organizational Internal Users,AC,0,0,0,0,"An identity and eligibility verification and registration process is defined, implemented, and maintained."
RS-48,CAP-58,0,Unauthorized access to or use of information and systems results in inappropriate use by internal users.,Organizational Internal Users,AC,0,0,0,0,"An user and system account life cycle management process is defined, implemented, and maintained."
RS-49,CAP-21,0,"Uncontrolled aggregation, proliferation, and use of data.",Organizational Internal Users,PRI,2509572.2606246294,0,0,0,"Online privacy policy and terms of use statements are defined, implemented, and maintained."
RS-49,CAP-22,0,"Uncontrolled aggregation, proliferation, and use of data.",Organizational Internal Users,PRI,2509572.2606246294,0,0,0,"Security controls and responsibility for information privacy are defined, implemented, and maintained."
RS-49,CAP-23,0,"Uncontrolled aggregation, proliferation, and use of data.",Organizational Internal Users,PRI,2509572.2606246294,0,0,0,"Storage and transmission of confidential information is limited to minimum necessary, de-identified when possible, and deleted when no longer needed."
RS-49,CAP-24,0,"Uncontrolled aggregation, proliferation, and use of data.",Organizational Internal Users,PRI,2509572.2606246294,0,0,0,"The privacy program and policies are defined, implemented, and maintained in cooperation with the Privacy Officer and support the business requirements and relevant regulations and laws."
RS-50,CAP-25,2424272.4658064684,Inadequate response results in inappropriate internal use of data.,External Cyber Adversaries,IM,2652123.1915395856,2622796.9456368447,-198524.47983037634,-0.08189033313313418,"An incident management process is defined, implemented, and maintained."
RS-50,CAP-26,2424272.4658064684,Inadequate response results in inappropriate internal use of data.,External Cyber Adversaries,IM,2652123.1915395856,2622796.9456368447,-198524.47983037634,-0.08189033313313418,"Working relationships are established with third party contracted services, counter-intelligence experts, regional organizations, and researchers working in the field of incident response."
RS-50,CAP-27,2540681.4953689845,Inadequate response results in inappropriate internal use of data.,External Cyber Adversaries,IM,2652123.1915395856,2622796.9456368447,-82115.4502678602,-0.03232024573624666,Forensic investigation capabilities are established and available for incident response.
RS-50,CAP-28,2540681.4953689845,Inadequate response results in inappropriate internal use of data.,External Cyber Adversaries,IM,2652123.1915395856,2622796.9456368447,-82115.4502678602,-0.03232024573624666,"Information security incidents are identified, responded to, mitigated, and documented."
RS-50,CAP-59,2594453.6534894323,Inadequate response results in inappropriate internal use of data.,External Cyber Adversaries,IM,2652123.1915395856,2622796.9456368447,-28343.29214741243,-0.010924570615972223,A process exists and is implemented for performing litigation holds.
RS-51,CAP-57,603560.20184073,Unauthorized access to or use of information and systems.,Third Parties,AC,652680.0837618799,606519.475047194,-2959.273206464015,-0.00490302905565818,"An identity and eligibility verification and registration process is defined, implemented, and maintained."
RS-51,CAP-58,636582.8813350983,Unauthorized access to or use of information and systems.,Third Parties,AC,652680.0837618799,606519.475047194,30063.406287904247,0.04722622484734838,"An user and system account life cycle management process is defined, implemented, and maintained."
RS-52,CAP-59,0,Inability to respond to litgation holds.,External Litigants,IM,0,0,0,0,A process exists and is implemented for performing litigation holds.
RS-53,CAP-59,21545.801837136783,Inability to respond to HR investigations results in avoidable adverse judgements.,Organizational Internal Users,IM,21545.801837136783,0,21545.801837136783,1,A process exists and is implemented for performing litigation holds.
RS-55,CAP-41,0,Damage to or loss of information system due to natural disaster at physical facility.,Environmental,BC,0,0,0,0,"Business disaster recovery and continuity plans are defined, implemented, and maintained."
RS-55,CAP-45,0,Damage to or loss of information system due to natural disaster at physical facility.,Environmental,BC,0,0,0,0,"Systematic backup process for critical information and software is defined, implemented, and maintained."
RS-56,CAP-38,0,Malfunction of business application and system software.,Organizational Internal Users,ADM,0,0,0,0,"A flaw remediation process is defined, implemented, and maintained."
RS-56,CAP-44,0,Malfunction of business application and system software.,Organizational Internal Users,ADM,0,0,0,0,"Secure application development life cycle or system development life cycle process is defined, implemented, and maintained."
